{
  "per_inertia": {
    "0.6": {
      "mean_return_mean": 6.005714285714286,
      "mean_return_std": 2.352465778304806,
      "mean_completion_mean": 0.4583946918114285,
      "mean_completion_std": 0.07661051911055905,
      "success_rate_mean": 0.24571428571428575,
      "success_rate_std": 0.17037773161000658,
      "n": 7
    },
    "0.85": {
      "mean_return_mean": 4.851428571428571,
      "mean_return_std": 1.5929367906629626,
      "mean_completion_mean": 0.40012258491828573,
      "mean_completion_std": 0.0877271020430782,
      "success_rate_mean": 0.19428571428571426,
      "success_rate_std": 0.11645559137244017,
      "n": 7
    },
    "1.0": {
      "mean_return_mean": 5.668571428571428,
      "mean_return_std": 1.6966970714835787,
      "mean_completion_mean": 0.4567654287714285,
      "mean_completion_std": 0.08098773528321399,
      "success_rate_mean": 0.22285714285714286,
      "success_rate_std": 0.11968211864689529,
      "n": 7
    },
    "1.15": {
      "mean_return_mean": 5.062857142857143,
      "mean_return_std": 2.4932824033504795,
      "mean_completion_mean": 0.4321100687714286,
      "mean_completion_std": 0.12980310172142112,
      "success_rate_mean": 0.2057142857142857,
      "success_rate_std": 0.12313368654395418,
      "n": 7
    },
    "1.4": {
      "mean_return_mean": 6.1085714285714285,
      "mean_return_std": 0.4122874632837535,
      "mean_completion_mean": 0.4851995442971429,
      "mean_completion_std": 0.07214901560997752,
      "success_rate_mean": 0.25142857142857145,
      "success_rate_std": 0.055205244747388346,
      "n": 7
    }
  },
  "per_group": {
    "extra": {
      "mean_return_mean": 6.057142857142857,
      "mean_return_std": 1.283091504735266,
      "mean_completion_mean": 0.4717971180542858,
      "mean_completion_std": 0.04635378510667569,
      "success_rate_mean": 0.24857142857142858,
      "success_rate_std": 0.09370673604897559,
      "n": 7
    },
    "id": {
      "mean_return_mean": 4.957142857142857,
      "mean_return_std": 1.66001721161473,
      "mean_completion_mean": 0.4161163268448571,
      "mean_completion_std": 0.09879316627527922,
      "success_rate_mean": 0.2,
      "success_rate_std": 0.07571877794400365,
      "n": 7
    },
    "interp": {
      "mean_return_mean": 5.668571428571428,
      "mean_return_std": 1.6966970714835787,
      "mean_completion_mean": 0.4567654287714285,
      "mean_completion_std": 0.08098773528321399,
      "success_rate_mean": 0.22285714285714286,
      "success_rate_std": 0.11968211864689529,
      "n": 7
    }
  },
  "training_curve": {
    "timesteps": [
      20000,
      40000,
      60000,
      80000,
      100000,
      120000,
      140000,
      160000,
      180000,
      200000
    ],
    "mean_return": [
      4.908571428571428,
      6.454285714285715,
      6.74,
      7.022857142857142,
      6.92,
      7.757142857142857,
      7.022857142857144,
      8.137142857142859,
      7.777142857142858,
      8.177142857142856
    ],
    "mean_return_std": [
      0.99121858624336,
      0.6251095142148333,
      1.096904736064167,
      1.2008568369531576,
      1.2320714265009152,
      0.9943459204541492,
      1.0509949934183687,
      0.27938708427044906,
      1.547747979977299,
      1.4084709710144812
    ],
    "mean_return_ci": [
      0.9167573197049766,
      0.5781507033131558,
      1.0145042271826317,
      1.1106473491047772,
      1.1395170695142245,
      0.9196497256472123,
      0.9720432673091712,
      0.25839926539985325,
      1.431479705279069,
      1.3026653153903682
    ],
    "mean_completion": [
      0.44353973673342856,
      0.5186145637302857,
      0.531795728722,
      0.5618462115937143,
      0.5406696062105715,
      0.5794931298974285,
      0.56151052638,
      0.5933191882771428,
      0.590904273192,
      0.608665535118
    ],
    "mean_completion_std": [
      0.06611119822029686,
      0.020576905891775,
      0.06692534047040047,
      0.07824662643983736,
      0.05549581270944125,
      0.055194524280036926,
      0.06045853494084009,
      0.025553839475584962,
      0.0783424887783045,
      0.06185824868436536
    ],
    "mean_completion_ci": [
      0.06114486322600447,
      0.019031149491111104,
      0.06189784634942658,
      0.07236866673657208,
      0.05132691539529487,
      0.05104826003427543,
      0.05591683329477674,
      0.023634211172929794,
      0.07245732780658577,
      0.05721139923379091
    ],
    "n_seeds": 7
  },
  "n_runs": 7
}