{
  "per_inertia": {
    "0.6": {
      "mean_return_mean": 5.54,
      "mean_return_std": 1.2162236636408623,
      "mean_completion_mean": 0.42701102534,
      "mean_completion_std": 0.1354880589028393,
      "success_rate_mean": 0.24,
      "success_rate_std": 0.0,
      "n": 2
    },
    "0.85": {
      "mean_return_mean": 7.96,
      "mean_return_std": 3.3375440072005045,
      "mean_completion_mean": 0.56148837312,
      "mean_completion_std": 0.08732564806744464,
      "success_rate_mean": 0.3,
      "success_rate_std": 0.2545584412271571,
      "n": 2
    },
    "1.0": {
      "mean_return_mean": 3.44,
      "mean_return_std": 0.6788225099390857,
      "mean_completion_mean": 0.38151087559999997,
      "mean_completion_std": 0.08684516742570914,
      "success_rate_mean": 0.06,
      "success_rate_std": 0.08485281374238571,
      "n": 2
    },
    "1.15": {
      "mean_return_mean": 4.26,
      "mean_return_std": 0.5939696961966998,
      "mean_completion_mean": 0.3956083832,
      "mean_completion_std": 0.013463005946606139,
      "success_rate_mean": 0.18,
      "success_rate_std": 0.02828427124746191,
      "n": 2
    },
    "1.4": {
      "mean_return_mean": 4.18,
      "mean_return_std": 0.9333809511662426,
      "mean_completion_mean": 0.42002126864,
      "mean_completion_std": 0.040004194829715956,
      "success_rate_mean": 0.14,
      "success_rate_std": 0.08485281374238571,
      "n": 2
    }
  },
  "per_group": {
    "extra": {
      "mean_return_mean": 4.859999999999999,
      "mean_return_std": 1.0748023074035526,
      "mean_completion_mean": 0.42351614698999995,
      "mean_completion_std": 0.08774612686627753,
      "success_rate_mean": 0.19,
      "success_rate_std": 0.042426406871192854,
      "n": 2
    },
    "id": {
      "mean_return_mean": 6.109999999999999,
      "mean_return_std": 1.3717871555019026,
      "mean_completion_mean": 0.47854837815999995,
      "mean_completion_std": 0.03693132106041929,
      "success_rate_mean": 0.24,
      "success_rate_std": 0.1131370849898476,
      "n": 2
    },
    "interp": {
      "mean_return_mean": 3.44,
      "mean_return_std": 0.6788225099390857,
      "mean_completion_mean": 0.38151087559999997,
      "mean_completion_std": 0.08684516742570914,
      "success_rate_mean": 0.06,
      "success_rate_std": 0.08485281374238571,
      "n": 2
    }
  },
  "training_curve": {
    "timesteps": [
      10000,
      20000,
      30000,
      40000,
      50000
    ],
    "mean_return": [
      3.08,
      3.5700000000000003,
      5.38,
      5.91,
      6.07
    ],
    "mean_return_std": [
      0.537401153701776,
      1.2586500705120545,
      0.19798989873223286,
      0.268700576850888,
      1.3152186130069785
    ],
    "mean_return_ci": [
      4.828279999999999,
      11.308339999999998,
      1.778839999999996,
      2.4141399999999993,
      11.81658
    ],
    "mean_completion": [
      0.322447411065,
      0.356088463453,
      0.43784330803999993,
      0.47425351427799994,
      0.47827802770000005
    ],
    "mean_completion_std": [
      0.019433365003149006,
      0.08728423059871249,
      0.042129202254306955,
      0.010262940216500968,
      0.08405404516170237
    ],
    "mean_completion_ci": [
      0.17459904380754993,
      0.7842050617349813,
      0.3785097654876004,
      0.0922073736671316,
      0.7551834646759207
    ],
    "n_seeds": 2
  },
  "n_runs": 2
}