{
  "per_inertia": {
    "0.6": {
      "mean_return_mean": 5.257142857142857,
      "mean_return_std": 1.5117066986876597,
      "mean_completion_mean": 0.42345300588,
      "mean_completion_std": 0.06485193785218328,
      "success_rate_mean": 0.21142857142857144,
      "success_rate_std": 0.11710800875382399,
      "n": 7
    },
    "0.85": {
      "mean_return_mean": 4.862857142857143,
      "mean_return_std": 1.2532320121152651,
      "mean_completion_mean": 0.41360360809142854,
      "mean_completion_std": 0.06287693955073832,
      "success_rate_mean": 0.17142857142857143,
      "success_rate_std": 0.09719886340703296,
      "n": 7
    },
    "1.0": {
      "mean_return_mean": 4.965714285714285,
      "mean_return_std": 1.3903339783766242,
      "mean_completion_mean": 0.4199141140914286,
      "mean_completion_std": 0.062236924164252416,
      "success_rate_mean": 0.2,
      "success_rate_std": 0.12436505404118421,
      "n": 7
    },
    "1.15": {
      "mean_return_mean": 4.977142857142858,
      "mean_return_std": 0.9868082266532218,
      "mean_completion_mean": 0.43681188161142853,
      "mean_completion_std": 0.08866375983717795,
      "success_rate_mean": 0.1885714285714286,
      "success_rate_std": 0.059841059323447666,
      "n": 7
    },
    "1.4": {
      "mean_return_mean": 5.8342857142857145,
      "mean_return_std": 0.9333605438210386,
      "mean_completion_mean": 0.48443007572,
      "mean_completion_std": 0.06201552992095511,
      "success_rate_mean": 0.23428571428571426,
      "success_rate_std": 0.06294366339755546,
      "n": 7
    }
  },
  "per_group": {
    "extra": {
      "mean_return_mean": 5.545714285714285,
      "mean_return_std": 1.0188041542720097,
      "mean_completion_mean": 0.4539415408000001,
      "mean_completion_std": 0.040874754968075425,
      "success_rate_mean": 0.22285714285714284,
      "success_rate_std": 0.07521398046336106,
      "n": 7
    },
    "id": {
      "mean_return_mean": 4.920000000000001,
      "mean_return_std": 0.6953176732017291,
      "mean_completion_mean": 0.4252077448514286,
      "mean_completion_std": 0.05876166166615954,
      "success_rate_mean": 0.18,
      "success_rate_std": 0.03265986323710904,
      "n": 7
    },
    "interp": {
      "mean_return_mean": 4.965714285714285,
      "mean_return_std": 1.3903339783766242,
      "mean_completion_mean": 0.4199141140914286,
      "mean_completion_std": 0.062236924164252416,
      "success_rate_mean": 0.2,
      "success_rate_std": 0.12436505404118421,
      "n": 7
    }
  },
  "training_curve": {
    "timesteps": [
      20000,
      40000,
      60000,
      80000,
      100000,
      120000,
      140000,
      160000,
      180000,
      200000
    ],
    "mean_return": [
      5.442857142857142,
      6.257142857142857,
      6.574285714285715,
      6.825714285714286,
      6.828571428571428,
      6.5600000000000005,
      6.465714285714285,
      7.465714285714284,
      6.734285714285714,
      7.188571428571429
    ],
    "mean_return_std": [
      1.4196914487041927,
      0.9824071505866647,
      1.1639423975274314,
      1.4695447950851666,
      1.0967137057504805,
      1.3500617269838688,
      1.1881478182849297,
      1.5577211682760295,
      1.6436428762848407,
      1.1486721111995446
    ],
    "mean_return_ci": [
      1.3130429003099715,
      0.908607807329508,
      1.076505956866969,
      1.35915121672054,
      1.0143275472446358,
      1.2486438283574857,
      1.0988930437960747,
      1.4407036983523913,
      1.520170887357756,
      1.0623827887188244
    ],
    "mean_completion": [
      0.44307164043885716,
      0.5239079634877143,
      0.5464383004322857,
      0.5347741216914287,
      0.5512383516951428,
      0.5180264771342856,
      0.5300470544611429,
      0.5573568775457143,
      0.5452257036028572,
      0.5720741372400001
    ],
    "mean_completion_std": [
      0.05706220321838932,
      0.0676526575176184,
      0.06495317591718927,
      0.0777030241646405,
      0.06394583522874972,
      0.08279316087587442,
      0.07556353712749667,
      0.08248689787015294,
      0.07569510888967927,
      0.07377710651220788
    ],
    "mean_completion_ci": [
      0.05277563718534612,
      0.06257052666034595,
      0.06007383264053193,
      0.07186590037230958,
      0.05914216432601459,
      0.07657366125682655,
      0.06988713360084595,
      0.07629040501431186,
      0.07000882156929346,
      0.06823490132287999
    ],
    "n_seeds": 7
  },
  "n_runs": 7
}