{
  "per_inertia": {
    "0.6": {
      "mean_return_mean": 4.737142857142857,
      "mean_return_std": 1.0221173169082938,
      "mean_completion_mean": 0.40348327074285717,
      "mean_completion_std": 0.05391862713623271,
      "success_rate_mean": 0.17714285714285719,
      "success_rate_std": 0.08901578244226988,
      "n": 7
    },
    "0.85": {
      "mean_return_mean": 4.062857142857143,
      "mean_return_std": 1.3691568486446233,
      "mean_completion_mean": 0.3788989355697144,
      "mean_completion_std": 0.07550149399998045,
      "success_rate_mean": 0.13142857142857142,
      "success_rate_std": 0.08858678822273132,
      "n": 7
    },
    "1.0": {
      "mean_return_mean": 4.291428571428571,
      "mean_return_std": 1.2872118262796863,
      "mean_completion_mean": 0.3786394084342857,
      "mean_completion_std": 0.07425426146303293,
      "success_rate_mean": 0.16,
      "success_rate_std": 0.09237604307034013,
      "n": 7
    },
    "1.15": {
      "mean_return_mean": 4.822857142857143,
      "mean_return_std": 1.6798185843091735,
      "mean_completion_mean": 0.4235997681314286,
      "mean_completion_std": 0.10776449051021901,
      "success_rate_mean": 0.19428571428571434,
      "success_rate_std": 0.09641181512261918,
      "n": 7
    },
    "1.4": {
      "mean_return_mean": 6.2057142857142855,
      "mean_return_std": 1.4257495939897387,
      "mean_completion_mean": 0.49781057072,
      "mean_completion_std": 0.09435362059213452,
      "success_rate_mean": 0.24571428571428572,
      "success_rate_std": 0.08141603913585718,
      "n": 7
    }
  },
  "per_group": {
    "extra": {
      "mean_return_mean": 5.471428571428572,
      "mean_return_std": 0.8824856669549666,
      "mean_completion_mean": 0.4506469207314285,
      "mean_completion_std": 0.04273657924546952,
      "success_rate_mean": 0.21142857142857138,
      "success_rate_std": 0.07104659772022195,
      "n": 7
    },
    "id": {
      "mean_return_mean": 4.442857142857142,
      "mean_return_std": 1.083354578546259,
      "mean_completion_mean": 0.40124935185057137,
      "mean_completion_std": 0.07997271015327564,
      "success_rate_mean": 0.16285714285714287,
      "success_rate_std": 0.04386125310350268,
      "n": 7
    },
    "interp": {
      "mean_return_mean": 4.291428571428571,
      "mean_return_std": 1.2872118262796863,
      "mean_completion_mean": 0.3786394084342857,
      "mean_completion_std": 0.07425426146303293,
      "success_rate_mean": 0.16,
      "success_rate_std": 0.09237604307034013,
      "n": 7
    }
  },
  "training_curve": {
    "timesteps": [
      20000,
      40000,
      60000,
      80000,
      100000,
      120000,
      140000,
      160000,
      180000,
      200000
    ],
    "mean_return": [
      4.659999999999999,
      5.802857142857143,
      6.3028571428571425,
      6.159999999999999,
      6.222857142857143,
      6.799999999999999,
      6.771428571428571,
      6.814285714285714,
      6.768571428571428,
      7.091428571428572
    ],
    "mean_return_std": [
      0.7504665215717488,
      1.3701303379084573,
      0.8581708121680338,
      1.3103180275541253,
      0.8240087840493426,
      1.2811453209270733,
      0.2505612747033196,
      0.993023281748841,
      1.435727789559806,
      0.6682172444005658
    ],
    "mean_return_ci": [
      0.6940907751254771,
      1.2672048664743705,
      0.79370421875751,
      1.2118857127712364,
      0.762108474117096,
      1.1849044871292571,
      0.23173887758646372,
      0.9184264447975142,
      1.327874576253806,
      0.6180201405211612
    ],
    "mean_completion": [
      0.42662766011399994,
      0.4895038447742857,
      0.5134336771557143,
      0.5114607666531429,
      0.5332753602808572,
      0.5451265973814287,
      0.5455237193091429,
      0.5412977656571429,
      0.5436942740457142,
      0.5607723154531429
    ],
    "mean_completion_std": [
      0.06229510616608547,
      0.06316942056671689,
      0.056310309406802234,
      0.07603531781633471,
      0.0606178283371899,
      0.0783549221750517,
      0.044239172438173865,
      0.05785942260553721,
      0.06799918153799385,
      0.0350785715721452
    ],
    "mean_completion_ci": [
      0.057615439573220614,
      0.0584240746589892,
      0.05208022633956513,
      0.07032347368343751,
      0.056064160422325676,
      0.07246882719494974,
      0.040915884461057976,
      0.05351296870709294,
      0.06289101947246802,
      0.032443436493092136
    ],
    "n_seeds": 7
  },
  "n_runs": 7
}