{
  "per_inertia": {
    "0.6": {
      "mean_return_mean": 4.8,
      "mean_return_std": 1.8671904027174089,
      "mean_completion_mean": 0.4038717714628572,
      "mean_completion_std": 0.07804366134892354,
      "success_rate_mean": 0.18285714285714286,
      "success_rate_std": 0.12618957771468103,
      "n": 7
    },
    "0.85": {
      "mean_return_mean": 5.102857142857142,
      "mean_return_std": 1.6817224729991795,
      "mean_completion_mean": 0.42589821202399997,
      "mean_completion_std": 0.0654637580499963,
      "success_rate_mean": 0.1942857142857143,
      "success_rate_std": 0.12739141034061688,
      "n": 7
    },
    "1.0": {
      "mean_return_mean": 5.594285714285715,
      "mean_return_std": 1.581126783266258,
      "mean_completion_mean": 0.44411492534857144,
      "mean_completion_std": 0.06370153368548431,
      "success_rate_mean": 0.21714285714285714,
      "success_rate_std": 0.11743285822322554,
      "n": 7
    },
    "1.15": {
      "mean_return_mean": 5.588571428571429,
      "mean_return_std": 2.4855544557263176,
      "mean_completion_mean": 0.46307924772000003,
      "mean_completion_std": 0.12113800281279445,
      "success_rate_mean": 0.2228571428571429,
      "success_rate_std": 0.14020393310154625,
      "n": 7
    },
    "1.4": {
      "mean_return_mean": 5.474285714285714,
      "mean_return_std": 1.513217952387749,
      "mean_completion_mean": 0.4573973939314286,
      "mean_completion_std": 0.1095924211387809,
      "success_rate_mean": 0.21714285714285714,
      "success_rate_std": 0.06047431568147636,
      "n": 7
    }
  },
  "per_group": {
    "extra": {
      "mean_return_mean": 5.137142857142857,
      "mean_return_std": 1.2616089500543117,
      "mean_completion_mean": 0.43063458269714283,
      "mean_completion_std": 0.05050647409861045,
      "success_rate_mean": 0.19999999999999998,
      "success_rate_std": 0.08717797887081347,
      "n": 7
    },
    "id": {
      "mean_return_mean": 5.345714285714285,
      "mean_return_std": 1.6988119097657353,
      "mean_completion_mean": 0.444488729872,
      "mean_completion_std": 0.08929568204502804,
      "success_rate_mean": 0.20857142857142857,
      "success_rate_std": 0.09007933011676826,
      "n": 7
    },
    "interp": {
      "mean_return_mean": 5.594285714285715,
      "mean_return_std": 1.581126783266258,
      "mean_completion_mean": 0.44411492534857144,
      "mean_completion_std": 0.06370153368548431,
      "success_rate_mean": 0.21714285714285714,
      "success_rate_std": 0.11743285822322554,
      "n": 7
    }
  },
  "training_curve": {
    "timesteps": [
      20000,
      40000,
      60000,
      80000,
      100000,
      120000,
      140000,
      160000,
      180000,
      200000
    ],
    "mean_return": [
      4.691428571428571,
      5.742857142857143,
      6.748571428571429,
      6.6000000000000005,
      6.371428571428572,
      6.859999999999999,
      6.942857142857143,
      6.842857142857143,
      7.568571428571429,
      6.525714285714285
    ],
    "mean_return_std": [
      1.5643468133316707,
      0.6120379695660035,
      1.3912036583648055,
      1.7692936443677179,
      0.6843836295389835,
      1.3757422239164814,
      1.4266243874465145,
      1.1183576393639958,
      0.8740600393456689,
      1.1672025979931266
    ],
    "mean_return_ci": [
      1.44683161875948,
      0.5660611053143113,
      1.2866951394040416,
      1.6363826523157718,
      0.6329720916997436,
      1.2723951823609039,
      1.319455030214817,
      1.0343455683378433,
      0.8083998323403407,
      1.0795212480268723
    ],
    "mean_completion": [
      0.43424161183628573,
      0.47486487790457144,
      0.5217853034162857,
      0.51585549284,
      0.5016843594971429,
      0.5209930625074286,
      0.5548650547557143,
      0.548815658946,
      0.5688731457242858,
      0.5297183386514286
    ],
    "mean_completion_std": [
      0.08962981384995133,
      0.04457146166689607,
      0.08272623815726146,
      0.08178495613071109,
      0.030176726807116156,
      0.060854447270885154,
      0.06442912046621474,
      0.07197001208474844,
      0.05909832661231262,
      0.05971549145005292
    ],
    "mean_completion_ci": [
      0.08289673847032124,
      0.04122321181237886,
      0.07651176583537819,
      0.07564119379433402,
      0.027909822887813556,
      0.056283004320590364,
      0.059589144724788747,
      0.06656355751762492,
      0.05465880508706607,
      0.05522960792542613
    ],
    "n_seeds": 7
  },
  "n_runs": 7
}