{
  "per_inertia": {
    "0.6": {
      "mean_return_mean": 5.24,
      "mean_return_std": 1.6598795136997142,
      "mean_completion_mean": 0.4336200381257143,
      "mean_completion_std": 0.05443906422552302,
      "success_rate_mean": 0.20571428571428574,
      "success_rate_std": 0.12094863136295274,
      "n": 7
    },
    "0.85": {
      "mean_return_mean": 5.074285714285715,
      "mean_return_std": 1.736422156263247,
      "mean_completion_mean": 0.42283549363428563,
      "mean_completion_std": 0.08257287462595661,
      "success_rate_mean": 0.1942857142857143,
      "success_rate_std": 0.12094863136295272,
      "n": 7
    },
    "1.0": {
      "mean_return_mean": 5.211428571428572,
      "mean_return_std": 1.7406074473339144,
      "mean_completion_mean": 0.4221465390685713,
      "mean_completion_std": 0.09402435443452516,
      "success_rate_mean": 0.20571428571428574,
      "success_rate_std": 0.12739141034061688,
      "n": 7
    },
    "1.15": {
      "mean_return_mean": 5.274285714285715,
      "mean_return_std": 1.4624962352413897,
      "mean_completion_mean": 0.44512139314285715,
      "mean_completion_std": 0.08747018367814507,
      "success_rate_mean": 0.21142857142857144,
      "success_rate_std": 0.08858678822273132,
      "n": 7
    },
    "1.4": {
      "mean_return_mean": 4.948571428571428,
      "mean_return_std": 1.3227676612747552,
      "mean_completion_mean": 0.4421628346971428,
      "mean_completion_std": 0.09921837378092123,
      "success_rate_mean": 0.18285714285714286,
      "success_rate_std": 0.07609517849690735,
      "n": 7
    }
  },
  "per_group": {
    "extra": {
      "mean_return_mean": 5.094285714285715,
      "mean_return_std": 1.4158490637877228,
      "mean_completion_mean": 0.43789143641142864,
      "mean_completion_std": 0.059153335669666705,
      "success_rate_mean": 0.1942857142857143,
      "success_rate_std": 0.09360504666899518,
      "n": 7
    },
    "id": {
      "mean_return_mean": 5.174285714285714,
      "mean_return_std": 1.3952640985712723,
      "mean_completion_mean": 0.43397844338857144,
      "mean_completion_std": 0.07702056050747842,
      "success_rate_mean": 0.2028571428571429,
      "success_rate_std": 0.07782764841072133,
      "n": 7
    },
    "interp": {
      "mean_return_mean": 5.211428571428572,
      "mean_return_std": 1.7406074473339144,
      "mean_completion_mean": 0.4221465390685713,
      "mean_completion_std": 0.09402435443452516,
      "success_rate_mean": 0.20571428571428574,
      "success_rate_std": 0.12739141034061688,
      "n": 7
    }
  },
  "training_curve": {
    "timesteps": [
      10000,
      20000,
      30000,
      40000,
      50000,
      60000,
      70000,
      80000,
      90000,
      100000
    ],
    "mean_return": [
      3.6028571428571428,
      5.025714285714287,
      5.680000000000001,
      6.031428571428572,
      5.405714285714287,
      6.602857142857142,
      6.671428571428572,
      6.151428571428572,
      7.3914285714285715,
      6.562857142857142
    ],
    "mean_return_std": [
      1.0996016594766531,
      1.5014532642616303,
      1.4701473849017088,
      1.3364059833676865,
      1.3103034908353246,
      1.5681593699378291,
      1.226912501246232,
      1.279002587584411,
      1.230222589228315,
      1.0530228596080633
    ],
    "mean_return_ci": [
      1.0169985551879714,
      1.3886626918725222,
      1.3597085394269155,
      1.2360139169636772,
      1.2118722680643372,
      1.4503577725503727,
      1.1347456875459283,
      1.1829227179177795,
      1.1378071186253662,
      0.9739187982955609
    ],
    "mean_completion": [
      0.3485778857391429,
      0.4457611653614285,
      0.48198242491657145,
      0.5118255722608571,
      0.49159332395028577,
      0.5420748846194285,
      0.5340132216871428,
      0.5218910722785715,
      0.5658845658714287,
      0.540867541498
    ],
    "mean_completion_std": [
      0.06354832622802375,
      0.09198493600117846,
      0.08053013103621795,
      0.08748244134502316,
      0.07186182473793983,
      0.0850419799785695,
      0.07611923336863385,
      0.08090431504283195,
      0.0663035939474127,
      0.047470152555483786
    ],
    "mean_completion_ci": [
      0.05877451657291377,
      0.08507494164457721,
      0.07448063233363152,
      0.08091067859478256,
      0.06646349730541468,
      0.07865354696690134,
      0.07040108542102497,
      0.07482670728797636,
      0.06132280600629663,
      0.043904150332454664
    ],
    "n_seeds": 7
  },
  "n_runs": 7
}